{
  "__comment": "Instructions: https://blakesmods.com/docs/cucumber/tags-config",
  "forge:ingots/chrome": "null",
  "forge:silicon": "refinedstorage:silicon",
  "forge:dusts/niter": "chemlib:potassium_nitrate_dust",
  "forge:rubber": "null",
  "forge:ingots/tungsten": "chemlib:tungsten_ingot",
  "forge:ingots/aluminum": "chemlib:aluminum_ingot",
  "forge:ingots/mithril": "null",
  "forge:ingots/nickel": "chemlib:nickel_ingot",
  "forge:gems/peridot": "null",
  "forge:gems/apatite": "null",
  "forge:ingots/platinum": "chemlib:platinum_ingot",
  "forge:ingots/invar": "null",
  "forge:ingots/constantan": "null",
  "forge:gems/sapphire": "null",
  "forge:ingots/electrum": "createaddition:electrum_ingot",
  "forge:ingots/iridium": "chemlib:iridium_ingot",
  "forge:dusts/saltpeter": "null",
  "forge:gems/ruby": "null",
  "forge:ingots/titanium": "chemlib:titanium_ingot",
  "forge:ingots/graphite": "bigreactors:graphite_ingot",
  "forge:ingots/silver": "infinite_abyss:deepsilver_plate"
}